{
    "accuracy": 0.61328125,
    "loss": 0.675027091987431
}