{
    "accuracy": 0.47265625,
    "loss": 0.6991460677236319
}