{
    "accuracy": 0.46875,
    "loss": 0.708222524325053
}