{
    "accuracy": 0.61328125,
    "loss": 0.6695850491523743
}