{
    "accuracy": 0.5291666666666667,
    "loss": 0.704202675819397
}